image_name,grid_indices
100820081692.jpg,11 12 13 19 20 21 26 27 28 29 34 35 36 37 42 43 44 45 51 52 53 59 60 61
100820081693.jpg,18 19 20 21 22 26 27 28 29 30 34 35 36 37 38 42 43 44 45 46 52 53 54
100820081694.jpg,27 28 29 30 35 36 37 38 43 44 45 46
100820081695.jpg,19 21 27 28 29 30 34 35 36 37 38 42 43 44 49 50 51 59
141120142185.jpg,3 4 5 11 12 13 19 20 21 22 27 28 29 30 31 34 35 36 37 38 39 40 41 42 43 44 45 46 47 48 50 51 52 53 54 55 56
26102010062.jpg,20 28 29 36 37 38
29032008693.jpg,20 21 28 29 30 35 36 42 43
29032008695.jpg,12 13 20 21 22 27 28 29 30 31 35 36 37 38 39 43 44 45 46 47 51 52 53 54 55
29032008696.jpg,20 21 22 28 29 30 36 37 38 45
29032008701.jpg,12 19 20 21 27 28 29 35 36 37 43 44 45 52 53
CIMG0001~2.JPG,21 27 28 29 34 35 36 37 42 43 44 45
CIMG0002.JPG,28 29 30 36 37 38
CIMG0005.JPG,19 20 27 28 29 35 36 37 38 39 43 44 45 46 47 51 52 53 54 55
CIMG0006.JPG,19 20 21 27 28 29 30 31 36 37 38 39 40 44 45 46 47 48 52 53 54 55 56 60 61 62 63 64
CIMG0011.JPG,10 11 12 18 19 20 21 22 28 29 30 36 37 38 44 45 46 52 53 54
CIMG0012~2.JPG,20 28 29 30 36 37 38 44 45 46
CIMG0014(1).JPG,19 20 21 22 23 25 26 27 28 29 30 31 33 34 35 36 37 38 39
CIMG0014.JPG,10 18 19 20 21 22 23 26 27 28 29 30 31 32 34 35 36 37 38 39 40 42 43 44 45 46 47 48 51 52 53 54
CIMG0015.JPG,19 20 21 27 28 29 35 36 37 43 44 45 46
CIMG0017.JPG,21 22 28 29 30 36 37
CIMG0018.JPG,12 13 20 21 27 28 29 35 36
CIMG0021~2.JPG,28 29 30 36 37 38 44 45 46
CIMG0029.JPG,28 29 36
CIMG0030.JPG,5 6 7 11 12 13 14 15 19 20 21 22 23 27 28 29 30 31 35 36 37 38 39 43 44 45 46 47 51 52 53 54 55 59 60 61 62 63
CIMG0034.JPG,20 21 28 29 37 38 45
CIMG0035.JPG,21 28 29 36 37
CIMG0047.JPG,2 3 10 11 19 20 21 27 28 29 35 36 37
CIMG0054.JPG,27 28 29 30 31 35 36 37 38 39 43 44 45 46 47 52 53 54 60 61 62 63
CIMG0056.JPG,10 11 12 13 14 15 16 18 19 20 21 22 23 24 26 27 28 29 30 31 32 34 35 36 37 38 39 40 42 43 44 45 46 47 48 51 52 53 54
CIMG0058.JPG,2 3 4 5 6 7 10 11 12 13 14 15 18 19 20 21 22 23 26 27 28 29 30 31 34 35 36 37 38 39 41 42 43 44 45 49 50 51 52 53 57 58 59 60 61
CIMG0060.JPG,12 13 14 15 18 19 20 21 22 23 26 27 28 29 30 31 34 35 36 37 38 42 43 44 45 46 50 51 52 53 54
CIMG0062.JPG,18 19 20 21 26 27 28 29 30 34 35 36 37 38
CIMG0063(1).JPG,18 19 20 21 22 26 27 28 29 30 34 35 36 37 38 42 43 44 45 46
CIMG0063.JPG,27 28 29 30 35 36 37 38 44 45 46
CIMG0064(1).JPG,12 20 21 28 29 36 37 44 45 52 53
CIMG0064(2).JPG,19 20 21 22 23 27 28 29 30 31 35 36 37 38 39 43 44 45 46 47
CIMG0064(3).JPG,18 19 20 21 22 26 27 28 29 30 34 35 36 37 38 42 43 44 45 46
CIMG0064.JPG,20 21 28 29 36 37 44 45 52 53
CIMG0064~2.JPG,11 12 13 14 19 20 21 22 27 28 29 30 35 36 37 38 43 44 45 46 51 52 53 54
CIMG0065.JPG,12 13 20 21 28 29 36 37 44 45 52 53
CIMG0067(1).JPG,20 21 28 29
CIMG0067(2).JPG,20 21 22 27 28 29 30 35 36 37 38 43 44 45 46
CIMG0067.JPG,11 12 13 14 15 16 18 19 20 21 22 23 24 26 27 28 29 30 31 32 34 35 36 37 38 39 40 42 43 44 45 46 47 48 50 51 58 59
CIMG0068(1).JPG,11 12 13 14 18 19 20 21 22 23 26 27 28 29 30 31 34 35 36 37 38 39 42 43 44 45 46 47 51 52 53 54
CIMG0073.JPG,10 11 12 13 14 15 18 19 20 21 22 23 26 27 28 29 30 31 34 35 36 37 38 39 42 43 44 45 46 47 50 51 52 53 54 55 58 59 60 61 62 63
CIMG0074.JPG,10 11 12 13 14 18 19 20 21 22 26 27 28 29 30 34 35 36 37 38 42 43 44 45 46 50 51 52 53 54 59 60 61
CIMG0076.JPG,18 19 20 21 22 23 24 26 27 28 29 30 31 32 34 35 36 37 38 39 40 42 43 44 45 46 47 48 50 51 52 53 54 55 56 59 60 61 62 63 64
CIMG0077.JPG,13 14 21 22 26 27 28 29 30 34 35 36 37 38 42 43 44 45 52 53 60 61
CIMG0078.JPG,12 13 18 19 20 21 25 26 27 28 29 33 34 35 36 37 44 45 52 53 60
CIMG0079(1).JPG,5 6 7 8 13 14 15 16 21 22 23 24 29 30 31 32 37 38 39 40
CIMG0079.JPG,20 21 22 28 29 30 36 37 38 44 45 46
CIMG0079~2.JPG,3 4 10 11 12 19 20 21 22 23 24 28 29 30 31 32 36 37 38 39 40 44 45 46 47 48 52 53 54 55 56
CIMG0079~3.JPG,3 4 10 11 12 13 14 15 16 19 20 21 22 23 24 27 28 29 30 31 32 35 36 37 38 39 40 43 44 45 46 47 48 51 52 53 54 55 56
CIMG0080(1).JPG,11 12 19 20 21 27 28 29 30 35 36 37 38 44 45 46 52 53 54 60 61 62
CIMG0080.JPG,19 20 21 22 23 26 27 28 29 30 31 34 35 36 37 38 39 43 44 45 46
CIMG0081.JPG,11 19 20 21 22 27 28 29 30 36 37 38 44 45 46 52 53 54 60 62
CIMG0083(1).JPG,13 19 20 21 22 26 27 28 29 30 34 35 36 37 38 42 43 44 45 46 50 51 52 53 54
CIMG0083.JPG,12 13 14 19 20 21 22 23 27 28 29 30 31 35 36 37 38 39 43 44 45 46
CIMG0084.JPG,3 4 5 6 7 11 12 13 14 15 18 19 20 21 22 23 26 27 28 29 30 31 34 35 36 37 38 39 42 43 44 45 46 47
CIMG0086.JPG,20 21 22 23 26 27 28 29 30 31 34 35 36 37 38 39
CIMG0089.JPG,19 20 21 22 23 26 27 28 29 30 31 35 36 37 38
CIMG0089~2.JPG,6 7 8 9 10 11 12 13 14 15 16 17 18 19 20 21 22 23 24 26 27 28 29 30 31 32 34 35 36 37 38 39 40 41 42 43 44 46 47 48 49 50 51 52 54 55 56 57 58 59 60
CIMG0090~2.JPG,1 2 3 4 5 6 7 8 9 10 11 12 13 14 15 16 17 18 19 20 21 22 23 24 25 26 27 29 30 31 32 33 34 35 36 37 38 39 40 42 43 44 45 46 47 48 49 50 51 52 53 54 55 56 57 58 59 60 61
CIMG0092(1).JPG,14 15 18 19 20 21 22 23 26 27 28 29 30 31 34 35 36 37 38 39 43 44 45 46 47
CIMG0092.JPG,20 21 22 25 28 29 30 33 36 37 38
CIMG0095.JPG,17 18 19 20 21 22 23 24 25 26 27 28 29 30 31 32 33 34 35 36 37 38 39 40 41 42 43 44 45 46 47 48
CIMG0096.JPG,11 12 13 14 15 19 20 21 22 23 27 28 29 30 31 35 36 37 38 39
CIMG0096~2.JPG,10 11 12 13 14 18 19 20 21 22 26 27 28 29 30 34 35 36 37 38 42 43 44 45 46 50 51 52 53 54 59 60 61
CIMG0097.JPG,18 19 20 21 22 23 26 27 28 29 30 31 34 35 36 37 38 39 42 43 44 45 46 47
CIMG0098.JPG,9 10 11 12 13 14 15 17 18 19 20 21 22 23 25 26 27 28 29 30 31 33 34 35 36 37 38 39 41 42 43 44 45 46 47
CIMG0099.JPG,2 3 4 5 6 7 8 10 11 12 13 14 15 16 18 19 20 21 22 23 24 26 27 28 29 30 31 32 34 35 36 37 38 39 40 42 43 44 45 46 47 48
CIMG0099~2.JPG,21 22 27 28 29 30 35 36 37 38 43 44 45 46 51 52 53 54
CIMG0100.JPG,1 9 10 11 13 14 18 19 21 26 27 28 29 30 31 34 35 36 37 38 39 42 43 44 45 46 47 50 51 52 53 54 55 58 59 60 61 62 63
CIMG0100~2.JPG,11 12 13 14 19 20 21 22 27 28 29 30 35 36 37 38 43 44 45 46 51 52 53 54 60 61
CIMG0101.JPG,4 5 6 12 13 14 20 21 22 28 29 30 36 37 38 44 45 46 52 53 54
CIMG0103~2.JPG,21 22 23 29 30 31 34 35 36 37 38 39 42 43 44 45 46 47
CIMG0104.JPG,11 12 13 14 19 20 21 22 27 28 29 30 35 36 37 38
CIMG0105.JPG,11 12 13 14 19 20 21 22 27 28 29 30 35 36 37 38 43 44 45 46
CIMG0107.JPG,20 21 22 28 29 30 36 37 38
CIMG0107~2.JPG,19 20 21 22 23 27 28 29 30 31 35 36 37 38 39 43 44 45 46 47
CIMG0108.JPG,20 21 22 23 28 29 30 31 36 37 38 39 44 45 46 47
CIMG0108~2(1).JPG,20 21 22 27 28 29 30 35 36 37 38 43 44 45 46
CIMG0108~2.JPG,10 11 12 13 14 18 19 20 21 22 26 27 28 29 30 34 35 36 37 38 42 43 44 45 46
CIMG0109~2.JPG,27 28 29 30 31 32 35 36 37 38 39 40 43 44 45 46 47 48
CIMG0110.JPG,20 21 22 28 29 30 36 37 38 44 45 46
CIMG0110~2.JPG,18 19 20 21 22 23 26 27 28 29 30 31 34 35 36 37 38 39 42 43 44 45 46 47 50 51 52 53 54
CIMG0111~2.JPG,25 26 27 28 29 30 31 33 34 35 36 37 38 39
CIMG0112.JPG,11 12 13 14 19 20 21 22 26 27 28 29 30 34 35 36 37 38 42 43 44 45 46 50 51 52 53 54 58 59 60 61 62
CIMG0112~2.JPG,19 20 21 22 23 24 26 27 28 29 30 31 32 34 35 36 37 38 39 40 42 43 44 45 46 47 48 51 52 53 54 55 56
CIMG0113.JPG,10 11 12 13 14 18 19 20 21 22 26 27 28 29 30 34 35 36 37 38 42 43 44 45 46
CIMG0113~2.JPG,9 10 11 17 18 19 26 27 28 29 30 31 32 34 35 36 37 38 39 40 42 43 44 45 46 47 48 51 52 53 54 55
CIMG0115(1).JPG,22 23 27 28 30 31 34 35 36 38 39 43 44 46 47
CIMG0115.JPG,20 21 27 28 29 35 36 37 43 44 45 51 52
CIMG0117(1).JPG,12 13 20 21 28 29 36 37 44 45
CIMG0117.JPG,11 12 13 14 15 19 20 21 22 23 27 28 29 30 31 35 36 37 38 39 43 44 45 46 47 51 52 53 54 55 59 60 61 62 63
CIMG0118(1).JPG,27 28 29 30 35 36 37 38
CIMG0118(2).JPG,22 23 24 27 28 29 30 31 32 34 35 36 37 38 39 40 42 43 44 45 46 47 48 50 51 52 53 54 55 56 59 60 61 62 63 64
CIMG0118.JPG,20 21 22 28 29 30 36 37 38 44 45 46 52 53 54
CIMG0118~2.JPG,27 28 35 36 43 44 51 52
CIMG0119.JPG,20 21 22 23 24 28 29 30 31 32 36 37 38 39 40 44 45 46 47 48 52 53 54 55 56 60 61 62 63 64
CIMG0119~2.JPG,35 36 43 44 51 52
CIMG0120(1).JPG,5 12 13 14 20 21 22 28 29 30 36 37 38 44 45 46
CIMG0120(2).JPG,3 4 5 11 12 13 19 20 21 27 28 29 35 36 37 43 44 45 51 52 53 59 60 61
CIMG0120.JPG,26 27 28 29 30 31 32 34 35 36 37 38 39 40 42 43 44 45 46 47 48 50 51 52 53 54 55 56
CIMG0121.JPG,20 21 28 29 36 37 44 45
CIMG0123(1).JPG,4 5 12 13 20 21 22 23 28 29 30 31 36 37 38 39 44 45 46 47 52 53 54 55 60 61 62 63
CIMG0123.JPG,21 22 23 26 27 28 29 30 31 34 35 36 37 38 39
CIMG0124.JPG,20 21 22 28 29 30 36 37 38 44 45 46 52 53 54
CIMG0125.JPG,1 2 3 4 9 10 11 12 17 18 19 20 21 22 23 25 26 27 28 29 30 31 33 34 35 36 37 38 39 41 42 43 44 45 46 47 49 50 51 52 53 54 55 61 62 63
CIMG0126(1).JPG,11 12 13 19 20 21 25 26 27 28 29 33 34 35 36 37 43 44 45 51 52 53
CIMG0126.JPG,17 18 19 20 21 22 23 25 26 27 28 29 30 31 33 34 35 36 37 38 39 41 42 43 44 45 46 47 50 51 52 53 54 55
CIMG0126~2.JPG,24
CIMG0127.JPG,10 11 18 19 26 27 30 31 34 35 37 38 39 42 45 46 47 54 55
CIMG0127~2.JPG,18 19 26 27 28 34 35 36 42 43 44 51
CIMG0128.JPG,4 5 6 12 13 14 19 20 21 22 27 28 29 30 35 36 37 38 43 44 45 46 51 52 53 54 59 60 61 62
CIMG0129(1).JPG,2 3 4 5 6 7 10 11 12 13 14 15 18 19 20 21 22 23 26 27 28 29 30 31 34 35 36 37 38 39 42 43 44 45 46 47 50 51 52 53 54 55 58 59 60 61 62 63
CIMG0129.JPG,28 29 36 37
CIMG0129~2.JPG,20 21 28 29 36 37
CIMG0130(1).JPG,2 3 4 5 6 7 10 11 12 13 14 15 18 19 20 21 22 23 26 27 28 29 30 31 34 35 36 37 38 39 42 43 44 45 46 47 50 51 52 53 54 55 58 59 60 61 62 63
CIMG0130.JPG,20 21 26 27 28 29 30 33 34 35 36 37 38 42 43 44 45 46
CIMG0130~2.JPG,20 21 28 29 36 37 44 45
CIMG0131~2(1).JPG,3 4 5 6 11 12 13 14 15 19 20 21 22 23 27 28 29 30 31 35 36 37 38 39 43 44 45 46 47 51 52 53 54 55 59 60 61 62
CIMG0131~2.JPG,18 19 20 21 22 23 26 27 28 29 30 31 32 34 35 36 37 38 39 40 42 43 44 45 46 47
CIMG0133~2.JPG,18 19 20 21 22 23 26 27 28 29 30 31 34 35 36 37 38 39 42 43 44 45 46 47
CIMG0134(1).JPG,12 20 21 28 29 36 37 44 45 52 53
CIMG0134(2).JPG,3 4 5 6 11 12 13 14 19 20 21 22 27 28 29 30 35 36 37 38 43 44 45 46 51 52 53
CIMG0134.JPG,19 20 21 22 26 27 28 29 30 34 35 36 37 38 43 44 45 46
CIMG0135(1).JPG,3 4 5 6 7 8 10 11 12 13 14 15 16 18 19 20 21 22 23 24 26 27 28 29 30 31 32 34 35 36 37 38 39 40 42 43 44 45 46 47 48 50 51 52 53 54 55 56
CIMG0135.JPG,20 21 27 28 29
CIMG0137.JPG,2 3 4 5 6 7 8 10 11 12 13 14 15 16 18 19 20 21 22 23 24 26 27 28 29 30 31 32 34 35 36 37 38 39 40 42 43 44 45 46 47 48 50 51 52 53 54 55 56
CIMG0137~2.JPG,21 22 29 30 31 37 38 39 45 46 47
CIMG0138~2.JPG,27 28 29 30 35 36 37 38 43 44 45 46
CIMG0139~2.JPG,25 26 27 28 29 30 33 34 35 36 37 38 41 42 43 44 45 46 49 50 51 52 53
CIMG0140(1).JPG,17 18 19 25 26 27 29 30 33 34 35 37 38 45 46 53 54
CIMG0140.JPG,20 21 28 29 36 37 44 45
CIMG0141.JPG,11 12 13 14 15 19 20 21 22 23 27 28 29 30 31 35 36 37 38 39 43 44 45 46 47 52 53 54 55
CIMG0142.JPG,18 19 20 21 26 27 28 29 34 35 36 37 42 43 44 45 50 51 52 53
CIMG0143.JPG,10 11 12 13 14 18 19 20 21 22 26 27 28 29 30 34 35 36 37 38 42 43 44 45 46 50 51 52 53 54 58 59 60 61 62
CIMG0144.JPG,19 20 27 28 29 35 36 37 43 44 45
CIMG0144~3.JPG,10 11 12 13 14 15 16 18 19 20 21 22 23 24 26 27 28 29 30 31 32 34 35 36 37 38 39 40 42 43 44 45 46 47 48 50 51 52 53 54 55 56
CIMG0146~2.JPG,9 10 11 12 13 14 15 17 18 19 20 21 22 23 25 26 27 28 29 30 31 33 34 35 36 37 38 39 41 42 43 44 45 46 47 49 50 51 52 53 54 55 57 58 59 60 61 62 63
CIMG0147.JPG,2 3 4 5 6 7 8 10 11 12 13 14 15 16 18 19 20 21 22 23 24 26 27 28 29 30 31 32 34 35 36 37 38 39 40 42 43 44 45 46 47 48
CIMG0149.JPG,18 19 20 21 22 23 24 26 27 28 29 30 31 32 34 35 36 37 38 39 40 42 43 44 45 46 47 48
CIMG0150.JPG,20 21 22 28 29 30 36 37 38 44 45 46
CIMG0152(1).JPG,12 13 14 15 16 20 21 22 23 24 28 29 30 31 32 36 37 38 39 40 44 45 46 47 48
CIMG0152(2).JPG,10 11 12 13 14 18 19 20 21 22 26 27 28 29 30 34 35 36 37 38 42 43 44 45 46
CIMG0152.JPG,20 21 28 29 36 37 44 45 52 53 60 61
CIMG0153.JPG,4 5 6 11 12 13 14 19 20 21 22 27 28 29 30 35 36 37 38 43 44 45 46 51 52 53 54
CIMG0154.JPG,13 20 21 28 29 36 37 44 45 52 53
CIMG0155(1).JPG,11 12 13 14 19 20 21 22 27 28 29 30 35 36 37 38 43 44 45 46
CIMG0155.JPG,10 11 12 13 14 15 18 19 20 21 22 23 24 26 27 28 29 30 31 32 34 35 36 37 38 39 40 42 43 44 45 46 47 48 50 51 52 53 54 55 56 58 59 60 61 62 63
CIMG0158(1).JPG,11 12 13 14 15 18 19 20 21 22 23 26 27 28 29 30 31 34 35 36 37 38 39 43 44 45 46 47
CIMG0158.JPG,19 20 21 22 27 28 29 30 35 36 37 38
CIMG0159.JPG,20 21 22 28 29 30 36 37 38 44 45 46
CIMG0160.JPG,1 2 3 4 5 6 9 10 11 12 13 14 17 18 19 20 21 22 25 26 27 28 29 30 33 34 35 36 37 38 41 42 43 44 45 46
CIMG0160~2.JPG,25 26 27 28 33 34 35 36 41 42 43 44 49 50 51 52 57 58 59 60
CIMG0162(1).JPG,10 11 12 13 14 15 16 18 19 20 21 22 23 24 26 27 28 29 30 31 32 34 35 36 37 38 39 40 42 43 44 45 46 47 48
CIMG0162.JPG,11 12 13 14 15 18 19 20 21 22 23 25 26 27 28 29 30 31 33 34 35 36 37 38 39 41 42 43 44 45 46 47 50 51 52 53 54 55
CIMG0163(1).JPG,20 21 28 29 36 37 44 45
CIMG0163.JPG,4 5 6 7 8 12 13 14 15 16 19 20 21 22 23 24 27 28 29 30 31 32 35 36 37 38 39 40 43 44 45 46 47 48 51 52 53 54 55 56 59 60 61 62 63 64
CIMG0167.JPG,11 12 13 14 19 20 21 22 23 27 28 29 30 31 35 36 37 38 39 43 44 45 46
CIMG0168.JPG,19 20 21 22 27 28 29 30 35 36 37 38 43 44 45 46 51 52 53 54
CIMG0170~2.JPG,19 20 21 22 27 28 29 30 35 36 37 38 45 46 52 53 54 60 61 62
CIMG0171(1).JPG,4 11 12 13 14 15 18 19 20 21 22 23 26 27 28 29 30 31 34 35 36 37 38 39 42 43 44 45 46 47 50 51 52 53 54 55
CIMG0171(2).JPG,20 21 22 28 29 30 36 37 38 44 45 46 52 53 60 61
CIMG0171.JPG,19 20 27 28 35 36 43 44
CIMG0178.JPG,20 21 28 29 36 37 44 45 52 53 60 61
CIMG0179.JPG,20 21 28 29 36 37 44 45 52 53 60 61
CIMG0180.JPG,19 20 21 27 28 29 35 36 37 43 44 45 51 52 53 59 60 61
CIMG0181.JPG,3 4 5 6 11 12 13 14 19 20 21 22 27 28 29 30 35 36 37 38 44 45 46
CIMG0186.JPG,19 20 21 22 27 28 29 30 35 36 37 38 43 44 45 46 52 53
CIMG0188(1).JPG,19 20 21 27 28 29 35 36 37 43 44 45 51 52 53
CIMG0188.JPG,11 12 13 18 19 20 21 22 26 27 28 29 30 34 35 36 37 38 42 43 44 45 46
CIMG0190.JPG,20 27 28 29 35 36 37 43 44 45 51 52 53 59 60 61
CIMG0191.JPG,20 21 22 28 29 30 36 37 38 44 45 46 52 53 54 60 61 62
CIMG0192.JPG,3 10 11 12 17 18 19 20 21 22 23 25 26 27 28 29 30 31 33 34 35 36 37 38 39 41 42 43 44 45 46
CIMG0196.JPG,12 13 14 18 19 20 21 22 25 26 27 28 29 30 31 33 34 35 36 37 38 39 41 42 43 44 45 46 47 49 50 51 52 53 54 55 58 59 60 61 62 63
CIMG0197.JPG,13 14 17 18 19 20 21 22 23 24 25 26 27 28 29 30 31 32 33 34 35 36 37 38 39 40 41 42 43 44 45 46 47 48 49 50 51 52 53 54 55 58 59 60 61 62
CIMG0198.JPG,19 20 21 22 23 24 27 28 29 30 31 32 35 36 37 38 39 40 43 44 45 46 47 48 51 52 53 54 55 56 59 60 61 62 63 64
CIMG0199.JPG,9 10 11 12 13 14 15 16 17 18 19 20 21 22 23 24 25 26 27 28 29 30 31 32 33 34 35 36 37 38 39 40 41 42 43 44 45 46 47 48 49 50 51 52 53 54 55 56
CIMG0200.JPG,11 12 13 18 19 20 21 26 27 28 29 34 35 36 37 42 43 44 45 50 51 52 53
CIMG0206.JPG,10 11 12 13 18 19 20 21 26 27 28 29 34 35 36 37 42 43 44 45 51 52 53
CIMG0208.JPG,13 14 15 21 22 23 29 30 31 37 38 39 45 46 47 53 54 55
CIMG0208~2.JPG,28 29 30 36 37 38 44 45 46
CIMG0209(1).JPG,12 13 14 15 20 21 22 23 28 29 30 31 36 37 38 39 44 45 46 47 52 53 54 55
CIMG0209.JPG,11 12 13 14 18 19 20 21 22 23 25 26 27 28 29 30 31 33 34 35 36 37 38 39 41 42 43 44 45 46 47 49 50 51 52 53 54 55 57 58 59 60 61 62
CIMG0209~2.JPG,28 29 30 36 37 38 44 45 46
CIMG0210(1).JPG,11 12 13 14 15 19 20 21 22 23 27 28 29 30 31 35 36 37 38 39 43 44 45 46 47 51 52 53 54 55 60 61 62
CIMG0210.JPG,10 11 12 13 14 15 18 19 20 21 22 23 26 27 28 29 30 31 34 35 36 37 38 39 42 43 44 45 46 47 49 50 51 52 53 54 55 57 58 59 60 61 62 63
CIMG0217.JPG,28 29 36 37
CIMG0218.JPG,19 20 21 22 23 27 28 29 30 31 35 36 37 38 39 43 44 45 46 47
CIMG0221.JPG,2 3 4 5 6 7 10 11 12 13 14 15 18 19 20 21 22 23 26 27 28 29 30 31 34 35 36 37 38 39 42 43 44 45 46 47 50 51 52 53 54 55
CIMG0224~2.JPG,9 10 11 12 13 14 15 17 18 19 20 21 22 23 25 26 27 28 29 30 31 33 34 35 36 37 38 39 41 42 43 44 45 46 47 49 50 51 52 53 54 55 58 59 60 61 62 63
CIMG0225.JPG,4 5 12 13 14 20 21 22 28 29 30 36 37 38 44 45
CIMG0225~2.JPG,10 11 12 13 14 18 19 20 21 22 26 27 28 29 30 34 35 36 37 38 42 43 44 45 46 50 51 52 53 54
CIMG0228(1).JPG,4 5 6 12 13 14 20 21 22 28 29 30 36 37 38 44 45 46 52 53 54
CIMG0228.JPG,28 29 30 31 36 37 38 39 45 46
CIMG0228~2.JPG,18 19 20 21 22 23 26 27 28 29 30 31 34 35 36 37 38 39 42 43 44 45 46 47 50 51 52 53 54 55
CIMG0229~2.JPG,19 20 21 22 23 24 26 27 28 29 30 31 32 34 35 36 37 38 39 40 42 43 44 45 46 47 48 50 51 52 53 54 55 56
CIMG0230~2.JPG,12 13 14 20 21 22 28 29 30 36 37 38 44 45 46 52 53 54
CIMG0232.JPG,18 19 20 21 22 23 24 26 27 28 29 30 31 32 34 35 36 37 38 39 40 42 43 44 45 46 47 48
CIMG0232~2.JPG,11 12 13 14 15 19 20 21 22 23 27 28 29 30 31 35 36 37 38 39 43 44 45 46 47 51 52 53 54 55
CIMG0233.JPG,10 11 12 13 14 15 18 19 20 21 22 23 26 27 28 29 30 31 34 35 36 37 38 39 42 43 44 45 46 47
CIMG0234.JPG,9 10 11 12 13 14 15 17 18 19 20 21 22 23 25 26 27 28 29 30 31 33 34 35 36 37 38 39 41 42 43 44 45 46 47 49 50 51 52 53 54 55 57 58 59 60 61 62 63
CIMG0236.JPG,3 4 5 6 11 12 13 14 19 20 21 22 25 26 27 28 29 30 33 34 35 36 37 38 41 42 43 44 45 46 49 50 51 52 53 54 57 58 59 60 61 62
CIMG0239.JPG,18 19 20 21 22 26 27 28 29 30 34 35 36 37 38
CIMG0242.JPG,2 3 4 5 6 7 10 11 12 13 14 15 16 18 19 20 21 22 23 24 26 27 28 29 30 31 32 34 35 36 37 38 39 40 42 43 44 45 46 47 48 50 51 52 53 54 55 56 58 59 60 61 62 63 64
CIMG0253.JPG,20 21 28 29 36 37 44 45
CIMG0254.JPG,11 12 13 19 20 21 27 28 29 35 36 37 43 44 45 52
CIMG0256.JPG,11 12 13 14 19 20 21 22 27 28 29 30 35 36 37 38
CIMG0257.JPG,12 13 14 20 21 22 28 29 30 36 37 38 44 45
CIMG0260.JPG,1 2 3 4 5 6 7 9 10 11 12 13 14 15 17 18 19 20 21 22 23 25 26 27 28 29 30 31 33 34 35 36 37 38 39 41 42 43 44 45 46 47
CIMG0261.JPG,1 2 3 4 5 6 7 8 9 10 11 12 13 14 15 16 17 18 19 20 21 22 23 24 25 26 27 28 29 30 31 32 33 34 35 36 37 38 39 40 41 42 43 44 45 49 50 51 52 53
CIMG0265.JPG,28 29 30 36 37 38 44 45 46
CIMG0268.JPG,9 10 11 12 13 17 18 19 20 21 25 26 27 28 29 33 34 35 36 37
CIMG0271.JPG,11 12 13 14 15 19 20 21 22 23 27 28 29 30 31
CIMG0297~2.JPG,33 34 35 36 37 38 39 40 41 42 43 44 45 46 47 48
CIMG0299.JPG,27 28 29 30 35 36 37 38
CIMG0318~2.JPG,12 13 14 15 20 21 22 23 28 29 30 31 36 37 38 39 44 45 46 47 52 53 54 55
CIMG0319.JPG,12 20 21 24 28 29 30 32 36 37 38 40 44 45
CIMG0320.JPG,26 27 29 30 34 35 36 37 38 42 43
CIMG0330.JPG,11 12 13 14 15 18 19 20 21 22 23 26 27 28 29 30 31 34 35 36 37 38 39 42 43 44 45 46 47
CIMG0333.JPG,1 2 9 10 11 12 13 14 15 16 19 20 21 28 29 30 36 37 38 44 45 46
CIMG0334~2.JPG,1 2 3 4 5 6 7 8 9 10 11 12 13 14 15 16 17 18 19 20 21 22 23 24 25 26 27 28 29 30 31 32 33 34 35 36 37 38 39 40 41 42 43 44 45 46 47 48 49 50 51 52 53 54 55 56
CIMG0342.JPG,11 12 13 14 19 20 21 22 27 28 29 30 35 36 37 38 43 44 45 46 51 52 53 54
CIMG0342~2.JPG,9 10 11 12 13 14 15 17 18 19 20 21 22 23 25 26 27 28 29 30 31 33 34 35 36 37 38 39 41 42 43 44 45 46 47 49 50 51 52 53 54 55 57 58 59 60 61 62 63
CIMG0344.JPG,19 20 21 27 28 29 35 36 37 43 44 45
CIMG0350~2.JPG,3 4 5 6 7 11 12 13 14 15 19 20 21 22 23 27 28 29 30 31 35 36 37 38 39 43 44 45 46 47 51 52 53 54 55
CIMG0364.JPG,26 27 28 29 30 34 35 36 37 38
CIMG0365(1).JPG,3 4 5 11 12 13 19 20 21 27 28 29 35 36 37 43 44 45 51 52 53
CIMG0367.JPG,19 20 21 22 27 28 29 30 35 36 37 38 43 44 45 46
CIMG0371.JPG,20 21 22 28 29 30 36 37 38
CIMG0372.JPG,10 11 12 13 14 15 18 19 20 21 22 23 26 27 28 29 30 31 34 35 36 37 38 39 42 43 44 45 46 47 51 52 53 54
CIMG0378.JPG,27 28 29 30 31 33 34 35 36 37 38 39 41 42 43 44 45 46 49 50
CIMG0381~2.JPG,20 21 22 23 24 28 29 30 31 32 36 37 38 39 40 49 50 51 52 53 57 58 59 60 61
CIMG0382~2.JPG,6 7 8 14 15 16 22 23 24 25 26 27 28 29 30 31 32 33 34 35 36 37 38 39 40 41 42 43 44 45 46 49 50 51 54 59 62
CIMG0394.JPG,12 13 20 21 28 29 30 31 34 35 36 37 38 39 42 43 44 45 46 47 51 52 53 54 55 59 60 61 62 63
CIMG0400.JPG,4 5 12 13 21 22 23 29 30 31 34 35 36 37 38 39 45 46 47 52 53 54 55 60 61 62
CIMG0401.JPG,12 13 14 15 20 21 22 23 28 29 30 31 34 35 36 37 38 39 42 43 44 45 46 47 51 52 53 54 55
CIMG0402.JPG,12 13 14 15 20 21 22 23 28 29 30 31 34 35 36 37 38 39 44 45 46 47 51 52 53 54 55 60 61
CIMG0408.JPG,2 3 9 10 11 12 18 19 20 21 26 27 28 29 34 35 36 37 40 42 43 44 48 56 64
CIMG0412.JPG,4 5 11 12 13 20 21 22 26 27 28 29 30 36 37 38 44 45 46 52 53 54
CIMG0422.JPG,20 21 22 28 29 30 36 37 38
CIMG0426.JPG,19 20 21 22 27 28 29 30 35 36 37 38
CIMG0426~2.JPG,13 14 15 21 22 23 28 29 30 31 34 35 36 37 38 39 41 42 43 44 45 46 47 49 50 51 52 53 54 55
CIMG0427.JPG,11 12 13 19 20 21 22 23 27 28 29 30 31 35 36 37 38 39 44 45 46 47
CIMG0428(1).JPG,19 20 21 27 28 29 35 36 37 41 42 43 44 45 49 50 51
CIMG0428.JPG,3 4 5 11 12 13 19 20 21 27 28 29 30 36 37 38 44 45 46 52 53 54 57 58 59 60
CIMG0431.JPG,19 20 21 26 27 28 29 34 35 36 37 43 44 45
CIMG0432.JPG,20 21 22 28 29 30 36 37 38 44 45 46
CIMG0434.JPG,20 21 22 26 27 28 29 30 34 35
CIMG0442.JPG,19 20 21 22 27 28 29 30 31 35 36 37 38 39 43 44 45 46 47
CIMG0484.JPG,2 3 4 5 6 10 11 12 13 14 18 19 20 21 22 26 27 28 29 30 34 35 36 37 38 42 43 44 45 46 50 51 52 53 54
CIMG0485.JPG,21 22 26 27 28 29 30 34 35 36 37 38 42 43 44 50
CIMG0486.JPG,3 4 5 11 12 13 17 18 19 20 21 25 26 27 28 29 33 34 35 36 37 38 39 41 42 43 44 45 46 47 49 50 51
CIMG0487.JPG,15 16 23 24 28 29 30 35 36 37 38 43 44 45 46
CIMG0488.JPG,20 21 22 28 29 30 31 36 37 38 39 44 45 46 47
CIMG0490.JPG,2 3 4 5 10 11 12 13 18 19 20 21 26 27 28 29 34 35 36 37 42 43 44 45 52 53
CIMG0491.JPG,9 10 11 12 13 14 15 17 18 19 20 21 22 23 25 26 27 28 29 30 31 33 34 35 36 37 38 39 41 42 43 44 45 46 50 51 52 53 54
CIMG0493.JPG,35 36 37 43 44 45 51 52 53 59 60 61
CIMG0494.JPG,19 26 27 28 34 35 36 42 43 44 50 51 58 59
CIMG0495.JPG,10 11 12 13 18 19 20 21 26 27 28 29 34 35 36 37 42 43 44 45 50 51 52 53 58 59 60 61
CIMG0496(1).JPG,11 12 13 19 20 21 27 28 29 35 36 37 43 44 45
CIMG0496.JPG,11 12 13 14 19 20 21 22 27 28 29 30 35 36 37 38 43 44 45 46
CIMG0501.JPG,5 6 7 11 12 13 14 15 18 19 20 21 22 23 26 27 28 29 30 31 34 35 36 37 38 39 42 43 44 45 46 47 50 51 52 53 59 60
CIMG0506(1).JPG,11 12 13 19 20 21 26 27 28 29 33 34 35 36 37 41 42 43 44 45 49 50 51 52 53
CIMG0506.JPG,11 12 13 19 20 21 26 27 28 29 33 34 35 36 37 41 42 43 44 45 50 51 52
CIMG0531.JPG,27 28 29 30 35 36 37 38 43 44 45 46 51 52 53 54 59 60 61 62
CIMG0537.JPG,20 28 29 36 37 44 45 52
CIMG0538.JPG,21 22 29 30 36 37 38 44 45 51 52 53 59 60 61
CIMG0546.JPG,20 28 29 33 34 35 36 37 41 42 43 49 50 51 58 59
CIMG0555.JPG,20 21 22 27 28 29 30 35 36 37 38 43 44
CIMG0569(1).JPG,3 4 11 12 17 19 20 25 26 27 28 29 30 31 32 33 34 36 37 38 39 40 41 44 45 46 47 48
CIMG0569.JPG,3 4 11 12 17 18 19 20 25 26 27 28 29 30 31 32 33 34 37 38 39 40 45 46 47 48
CIMG0572.JPG,4 5 12 13 20 21 23 24 28 29 30 31 32 36 37 38 39 40 44 45 46 47 48
CIMG0573.JPG,18 19 20 21 22 23 24 26 27 28 29 30 31 32 34 35 36 37 38 39 40
CIMG0577.JPG,19 20 21 27 28 29 35 36 37 43 44 45 51 52
CIMG0578.JPG,19 20 21 27 28 29 35 36 37 43 44 45 51 52 53
CIMG0579(1).JPG,14 15 19 20 21 22 23 27 28 29 30 31 35 36 37 38 44 45 52 53 60 61
CIMG0579(2).JPG,11 12 13 14 15 19 20 21 22 23 27 28 29 30 31 35 36 37 38 39 45 46 47 53 54 55 61 62 63
CIMG0579.JPG,13 14 19 20 21 22 23 27 28 29 30 35 36 37 38 43 44 45 46 53 54 61 62
CIMG0580.JPG,17 18 19 20 21 22 23 24 25 26 27 28 29 30 31 32 33 34 35 36 37 38 39 40 41 42 43 44 45 46 47 48
CIMG0584.JPG,28 29 36 37 44 45
CIMG0585.JPG,11 12 13 14 19 20 21 22 23 27 28 29 30 31 35 36 37 38 39
CIMG0593.JPG,20 21 28 29 36 37
CIMG0594.JPG,13 21 29 37 45 53
CIMG0595.JPG,11 12 13 18 19 20 21 26 27 28 29 34 35 36 37
CIMG0599.JPG,11 12 13 14 15 19 20 21 22 23 27 28 29 30 31 35 36 37 38 39 43 44 45 46 47 52 53 54 55
CIMG0601.JPG,1 2 3 4 5 6 7 8 9 10 11 12 13 14 15 16 17 18 19 20 21 22 25 26 27 28 29 30 33 34 35 36 37 38 41 42 43 44 45 49 50 51 52 53 57 58 59 60 61
CIMG0602.JPG,1 2 3 4 5 6 7 8 9 10 11 12 13 14 15 16 17 18 19 20 21 22 23 24 25 26 27 28 29 30 31 32 33 34 35 36 37 38 39 40 41 42 43 44 45 46 47 48 49 50 51 52 53 54 55 56 57 58 59 60 61 62 63 64
CIMG0604.JPG,28 29 36 37 44 45
CIMG0605.JPG,11 12 13 19 20 21 27 28 29 35 36 37 43 44 45 51 52 53
CIMG0608.JPG,11 12 13 14 19 20 21 22 27 28 29 30 35 36 37 38 43 44 45 46 51 52 53 54
CIMG0642.JPG,3 4 5 10 11 12 13 18 19 20 21 26 27 28 29 34 35 36 37 38 42 43 44 45 46 50 51 52 53 54
CIMG0672.JPG,10 11 12 13 14 15 16 18 19 20 21 22 23 24 26 27 28 29 30 31 32 34 35 36 37 38 39 40 42 43 44 45 46 47 48 50 51 52 53 54 55 56
CIMG0757(1).JPG,9 10 11 12 13 14 15 17 18 19 20 21 22 23 25 26 27 28 29 30 31 33 34 35 36 37 38 39 41 42 43 44 45 46 47
CIMG0757(2).JPG,1 2 3 4 5 6 7 9 10 11 12 13 14 15 17 18 19 20 21 22 23 25 26 27 28 29 30 31 33 34 35 36 37 38 39 41 42 43 44 45 46 47
CIMG0757.JPG,9 10 11 12 13 14 15 17 18 19 20 21 22 23 25 26 27 28 29 30 31 33 34 35 36 37 38 39 41 42 43 44 45 46 47
CIMG0914(1).JPG,3 4 5 6 11 12 13 14 19 20 21 22 27 28 29 30 35 36 37 38 43 44 45 46 51 52 53 54
CIMG0914.jpg,3 4 5 6 7 11 12 13 14 15 19 20 21 22 23 27 28 29 30 31 35 36 37 38 39 43 44 45 46 47
CIMG0958.JPG,20 21 28 29 36 37 44
CIMG0975.JPG,19 20 21 27 28 29 35 36 37
CIMG0979.jpg,28 29 36 37 45
CIMG0980(1).JPG,19 20 27 28 35 36
CIMG0980.jpg,19 20 27 28 35 36
CIMG1147.JPG,9 10 11 12 13 14 15 17 18 19 20 21 22 23 25 26 27 28 29 30 31 33 34 35 36 37 38 39 41 42 43 44 45 46 47 49 50 51 52 53 54 55 57 58 59 60 61 62 63
CIMG1270.JPG,1 2 3 4 5 6 7 9 10 11 12 13 14 15 17 18 19 20 21 22 23 25 26 27 28 29 30 31 33 34 35 36 37 38 39 41 42 43 44 45 46 47 49 50 51 52 53 54 55
DSC00095.JPG,11 12 13 14 15 19 20 21 22 23 27 28 29 30 31 35 36 37 38 39
DSC00096.JPG,1 2 3 4 11 12 13 19 20 21 27 28 29 35 36 37
DSC00182.JPG,26 27 28 29 30 34 35 36 37 38 42 43 44 45 46
DSC00183.JPG,19 20 21 22 27 28 29 30 35 36 37 38
DSC00186.JPG,20 28 29 36 37
DSC00319.JPG,18 20 21 22 23 25 26 27 28 29 30 31 33 34 35 36 37 38 39 41 42 43 44 45 46 47 49 50
DSC00320.JPG,19 20 21 26 27 28 29 30 33 34 35 36 37 38 41 42 43 44 45 46 49 50 51 52 53 57
DSC00322.JPG,9 10 11 12 13 14 15 16 17 18 19 20 21 22 23 24 25 26 27 28 29 30 31 32 33 34 35 36 37 38 39 40 41 42 43 44 45 46 47 48
DSC00342.JPG,10 11 12 13 14 18 19 20 21 22 26 27 28 29 30 34 35 36 37 38 42 43 44 45 46
DSC00343.JPG,10 11 12 13 14 18 19 20 21 22 26 27 28 29 30 34 35 36 37 38 42 43 44 45 46 50 51 52 53 54 58 59 60 61 62
DSC00344.JPG,10 11 12 13 14 18 19 20 21 22 26 27 28 29 30 34 35 36 37 38 42 43 44 45 46 50 51 52 53 54 58 59 60 61 62
DSC00386.JPG,11 12 13 14 15 19 20 21 22 23 27 28 29 30 31 35 36 37 38 39 43 44 45 46 47 51 52 53 54 55
DSC02847.JPG,28 29 30 31 36 37 38 39 44 45 46 47 52 53 54 55 60 61 62 63
DSC02848.JPG,17 18 19 20 21 25 26 27 28 29 33 34 35 36 37 41 42 43 44 45
DSC_0359.JPG,12 13 19 20 21 22 27 28 29 30 35 36 37 38 43 44 45 46 51 52 53 54 59 60 61 62
DSC_0360.JPG,12 13 20 21 22 28 29 30 36 37 38 44 45 46 52 53 54 60 61
IMG-20140317-WA0001.jpg,11 12 13 14 19 20 21 22 27 28 29 30 35 36 37 38 43 44 45 46 52 53 54
IMG_1724.JPG,27 28 29 30 35 36 37 38 43 44 45 46
IMG_20180401_143225122_HDR.jpg,20 21 22 28 29 30 35 36 37 38 43 44 45 46 51 52 53 54 59 60 61 62
IMG_20180724_170028451.jpg,1 2 3 4 5 6 7 8 9 10 11 12 13 14 15 16 17 18 19 20 21 22 23 24 25 26 27 28 29 30 31 32 33 34 35 36 37 38 39 40 41 42 43 44 45 46 47 48 49 50 51 52 53 54 55 56
IMG_20180724_170036332.jpg,1 2 3 9 10 11 17 18 19 20 28
IMG_20180724_170112733.jpg,1 2 3 4 5 9 10 11 12 13 14 15 16 19 20 21 22 23 24 27 28 29 30 31 32 35 36 37 38 39 40 43 44 45 46 47 48 51 52 53 54 55 56 60 61 62 63 64
IMG_20180726_154742802.jpg,28 29 30 36 37 38 44 45 46
IMG_20180726_154804552.jpg,19 20 27 28 29 35 36
IMG_20180726_154917733_BURST000_COVER_TOP.jpg,12 19 20 21 27 28 29 36 37
IMG_20180726_154940261_BURST000_COVER_TOP.jpg,28 29 36 37 44 45
IMG_20180726_154949063_BURST001.jpg,27 28 29 30 35 36 37 38
IMG_20211223_163150170_HDR.jpg,10 11 12 15 18 19 20 22 23 29 30 31 32 34 37 38 39 40
IMG_20221207_075613681.jpg,11 12 13 14 15 16 18 19 20 21 22 23 24 26 27 28 29 30 31 32 34 35 36 37 38 39 40 42 43 44 45 46 47 48
IMG_20240822_085549698~3.jpg,4 5 6 7 8 9 10 11 12 13 14 15 16 17 18 19 20 21 22 23 24 25 26 27 28 29 30 31 32 33 34 35 36 37 38 39 40 41 42 43 44 45 46 49 50 51 52 53 54 57 58 59 60 61 62
IMG_20250524_140427028.jpg,10 11 12 13 14 15 18 19 20 21 22 23 26 27 28 29 30 31 34 35 36 37 38 39
IMG_20250524_143429630.jpg,26 27 28 29 30 31 34 35 36 37 38 39 42 43 44 45 46
IMG_20250627_104711559_HDR.jpg,17 18 19 20 21 22 23 25 26 27 28 29 30 31 33 34 35 36 37 38 39 41 42 43 44 45 46 47
IMG_20250627_105023208.jpg,1 2 3 4 5 6 9 10 11 12 13 14 17 18 19 20 21 22 25 26 27 28 29 30 33 34 35 36 37 38 41 42 43 44 45 46 49 50 51 52 53 54 57 58 59 60 61 62
IMG_20250705_121136381.jpg,17 19 20 22 23 27 28 30 31 35 36 38 39 43 44
IMG_20250705_121136381~2.jpg,13 14 15 16 18 19 20 21 22 23 24 26 27 28 29 30 31 34 35 36 37 38 42 43 44 45 46 50 51 52 53 54
IMG_20250705_125343397.jpg,19 20 21 27 28 29 35 36 37
IMG_20250705_125546309.jpg,18 19 20 21 22 23 24 26 27 28 29 30 31 32 34 35 36 37 38 39 40 42 43 44 45 46 47 48
IMG_20250705_142522.jpg,11 12 17 18 19 20 21 25 26 27 28 29 30
IMG_20250705_170544521.jpg,4 5 6 12 13 14 20 21 22 25 26 27 28 29 30 31 33 34 35 36 37 38 39 41 42 43 44 45 46 47 50 51 52 53 54
IMG_20250708_120702744_HDR~2.jpg,36 42 43 44 45 47 48 50 51 52 53 55 56
IMG_20250709_163052484_HDR~2.jpg,1 2 3 4 5 6 7 8 9 10 11 12 13 14 15 16 17 18 19 20 21 22 23 24 25 26 27 28 29 30 31 32 33 34 35 36 37 38 39 40 41 42 43 44 45 46 47 48 49 50 51 52 53 54 55 56 57 58 59 60 61 62 63 64
IMG_20250709_164031681_HDR~2.jpg,1 2 3 4 5 6 7 8 9 10 11 12 13 14 15 16 17 18 19 20 21 22 23 24 25 26 27 28 29 30 31 32 33 34 35 36 37 38 39 40 41 42 43 44 45 46 47 48 49 50 51 52 53 54 55 56 57 58 59 60 61 62 63 64
IMG_20250709_164054571_HDR~2.jpg,2 3 4 5 6 7 10 11 12 13 14 15 18 19 20 21 22 23 26 27 28 29 30 31 34 35 36 37 38 39 42 43 44 45 46 47 50 51 52 53 54 55 58 59 60 61 62 63
IMG_20250710_100837.jpg,19 20 21 22 23 24 27 28 29 30 31 32 35 36 37 38 39 40 43 44 45 46 47 48 51 52 53 54 55 56 59 60 61 62 63
IMG_2510.JPG,25 26 27 28 29 33 34 35 36 37
IMG_3332(1).JPG,20 21 28 29 36 37 44
IMG_3332.JPG,4 5 12 13 19 20 21 22 23 27 28 29 30 31 35 36 37 38 39 43 44 45 46 47 51 52 53 54 55 59 60 61 62 63
IMG_3334(1).JPG,10 11 12 13 14 17 18 19 20 21 22 23 25 26 27 28 29 30 31 33 34 35 36 37 38 39 41 42 43 44 45 46 47 50 51 52 53 54
IMG_3334.JPG,9 12 13 14 15 18 20 21 22 23 26 27 28 29 30 31 34 35 36 37 38 39 42 43 44 45 46 47 50 51 52 53 54 55
IMG_3337.JPG,4 5 6 10 11 12 13 14 15 18 19 20 21 22 23 26 27 28 29 30 31 34 35 36 37 38 42 43 44 45 46 50 51 52 53 54 58 59 60
IMG_3338.JPG,7 8 12 13 15 16 20 21 23 24 28 29 36 37 44 45 52 53 60 61
IMG_3347.JPG,19 20 27 28 29 30 35 36 37 38 44 45 46
IMG_3348.JPG,21 22 29 30 37 38 45 46
IMG_3361.JPG,17 18 19 20 21 22 25 26 27 28 29 30 33 34 35 36 37 38
IMG_3368.JPG,28 29 32 36 37 39 40 47 48 56
IMG_3369(1).JPG,12 13 19 20 21 22 27 28 29 30 35 36 37 38 43 44 45 46
IMG_3369.JPG,4 5 6 7 11 12 13 14 15 18 19 20 21 22 23 24 26 27 28 29 30 31 32 34 35 36 37 38 39 40 42 43 44 45 46 47 48 50 51 52 53 54 55 56 59 60 61 62 63
IMG_3370.JPG,12 13 19 20 21 22 27 28 29 30 35 36 37 38 43 44 45 46 51 52 53 54
IMG_3371.JPG,18 19 20 21 22 26 27 28 29 30 34 35 36 37 38
IMG_3372.JPG,12 13 14 15 19 20 21 22 23 24 27 28 29 30 31 32 35 36 37 38 39 40
IMG_3373.JPG,19 20 21 22 27 28 29 30 35 36 37 38 43 44 45 46
IMG_3378.JPG,3 4 5 6 7 11 12 13 14 15 19 20 21 22 23 27 28 29 30 36 37 38 44 45 46 49 50 51 52 53 54 57 58 59 60 61 62
IMG_3385.JPG,28 29 36 37
IMG_3386.JPG,4 5 6 7 12 13 14 15 16 20 21 22 23 24 28 29 30 31 32 36 37 38 39 40 44 45 46 47 48 52 53 54 55
IMG_3387.JPG,19 20 21 22 27 28 29 30 35 36 37 38 42 43 44 45 46 50 51 52 53 54 58 59 60 61 62
IMG_3388.JPG,12 13 14 17 18 19 20 21 22 25 26 27 28 29 30 33 34 35 36 37 38 41 42 43 44 45 46
IMG_3393.JPG,17 18 19 20 21 22 23 24 25 26 27 28 29 30 31 32 33 34 35 36 37 38 39 40 41 42 43 44 45 46 47 48 49 50 51 52 53 54 55 56
IMG_3394.JPG,4 5 6 9 10 11 12 13 14 15 17 18 19 20 21 22 23 25 26 27 28 29 30 31 33 34 35 36 37 38 39 41 42 43 44 45 46 47 49 50 51 52 53 54 55 57 58 59 60 61 62 63
IMG_3395.JPG,1 2 3 4 5 6 7 8 9 10 11 12 13 14 15 16 17 18 19 20 21 22 23 24 25 26 27 28 29 30 31 32 33 34 35 36 37 38 39 40 41 42 43 44 45 46 47 48 49 50 51 52 53 54 55 56 57 58 59 60 61 62 63 64
IMG_3403(1).JPG,20 21 22 23 28 29 30 31 36 37 38 39 43 44 45 46 47
IMG_3403.JPG,10 11 12 13 14 15 16 18 19 20 21 22 23 24 26 27 28 29 30 31 32 34 35 36 37 38 39 40 42 43 44 45 46 47 48 49 50 51 52 53 54 55 56 57 58 59 60 61 62 63 64
IMG_3404.JPG,28 29 30 36 37 38 43 44 45 46 47 51 52 53 54 55
IMG_3406.JPG,11 12 13 14 15 19 20 21 22 23 24 27 28 29 30 31 32 35 36 37 38 39 40 42 43 44 45 46 47 48 49 50 51 52 53 54 55
IMG_3409.JPG,11 12 13 19 20 21 27 28 29 30 31 32 35 36 37 38 39 40 41 42 43 44 45 46 47 48 49 50 51 52 53 54 55 56 57 58 59 60
IMG_3410(1).JPG,5 6 13 14 21 22 26 27 28 29 30 31 34 35 36 37 38 39 42 43 44 45 46 47 50 51 52 53 54 55 58 59 60 61 62 63
IMG_3410.JPG,5 6 13 14 18 19 20 21 22 26 27 28 29 30 31 34 35 36 37 38 39 42 43 44 45 46 47 50 51 52 53 54 55 58 59 60 61 62 63
IMG_3411.JPG,18 26 27 30 31 34 35 38 39 46 47
IMG_3412.JPG,19 20 21 22 27 28 29 30 35 36 37 38 43 44 45 46
IMG_3416.JPG,26 27 28 29 34 35 36 37 42 43 44 45 50 51 52 53
IMG_3417.JPG,18 19 20 21 22 26 27 28 29 30 34 35 36 37 38 42 43 44 45 46 51 52 53
IMG_3418.JPG,18 19 20 21 25 26 27 28 29 33 34 35 36 37 41 42 43 44 45
IMG_3419.JPG,4 5 6 12 13 14 20 21 22 25 26 27 28 29 30 33 34 35 36 37 38 41 42 43 44 45 46 49 50 51 52 53 54 57 58 59 60 61 62
IMG_3438.JPG,27 28 29 35 36 37 44 45
IMG_3439.JPG,11 12 13 14 18 19 20 21 22 26 27 28 29 30 34 35 36 37 38 42 43 44 45 46 50 51 52 53 54
IMG_3477.JPG,10 11 12 13 14 15 18 19 20 21 22 23 26 27 28 29 30 31 34 35 36 37 38 39 42 43 44 45 46 47 50 51 52 53 54 55
IMG_3550.JPG,28 29 36 37 44 45
IMG_3569(1).JPG,20 21 28 29 36 37 44
IMG_3637.JPG,18 19 20 21 26 27 28 29 34 35 36 37 42 43 44 45
IMG_3653.JPG,18 19 20 21 22 23 26 27 28 29 30 31 34 35 36 37 38 39 45 46 47
IMG_3674.JPG,6 7 13 14 15 21 22 23 26 27 29 30 31 34 35 42 43 50 51
IMG_3676.JPG,10 11 12 13 14 18 19 20 21 22 26 27 28 29 30 34 35 36 37 38
IMG_3682.JPG,20 21 22 27 28 29 30 35 36 37 38 43 44 45 46 53 54
IMG_3686.JPG,11 12 13 14 19 20 21 22 27 28 29 30 35 36 37 38 43 44 45 46 51 52 53 54
IMG_3687.JPG,20 21 28 29 36 37
IMG_3699.JPG,20 21 22 27 28 29 30 36 37 38
IMG_3700.JPG,21 28 29 36 37 44 45
IMG_3701.JPG,12 13 20 21 28 29 36 37 44 45
IMG_3706.JPG,28 29 30 36 37 38 44 45
IMG_3747.JPG,14 15 16 22 23 24 29 30 31 32 37 38 39 40 45 46 47 48 53 54 55 56 61 62 63
IMG_3748.JPG,21 28 29 36 37 44 45 52 53
IMG_3761.JPG,10 11 12 13 18 19 20 21 22 26 27 28 29 30 34 35 36 37 38 42 43 44 45 46
IMG_3839.JPG,11 12 13 19 20 21 27 28 29 35 36 37 43 44 45 51 52 53
IMG_3844.JPG,28 29 36 37 44 45
IMG_3858.JPG,28 29 36 37 44 45
IMG_4131.JPG,11 12 13 14 19 20 21 22 27 28 29 30 35 36 37 38 43 44 45 46 51 52 53 54 59 60 61
IMG_4142.JPG,11 12 13 19 20 21 27 28 29 35 36 37 43 44 45 51 52 53 59 60 61
IMG_4150.JPG,20 24 28 29 32 36 37
IMG_4158(1).JPG,3 4 5 6 11 12 13 14 19 20 21 22 27 28 29 30 35 36 37 38 43 44 45 46 51 52 53 54
IMG_4158.JPG,3 4 5 6 11 12 13 14 19 20 21 22 27 28 29 30 35 36 37 38 43 44 45 46 51 52 53 54
IMG_4164.JPG,26 27 28 29 34 35 36 37
IMG_4165.JPG,28 29 36 37
IMG_4171.JPG,27 28 29 30 31 32 35 36 37 38 39 40 43 44 45 46 47 48
IMG_4172.JPG,18 19 20 21 22 25 26 27 28 29 30 32 33 34 35 36 37 38 40 42 43 44 45 48
IMG_4173.JPG,11 12 13 14 18 19 20 21 22 26 27 28 29 30 34 35 36 37 38 43 44 45 46
IMG_4174.JPG,17 18 19 20 21 22 25 26 27 28 29 30 33 34 35 36 37 38 41 42 43 44 45 46 50 51 52 53
IMG_4175.JPG,11 12 13 14 19 20 21 22 27 28 29 30 35 36 37 38 43 44 45 46 51 52 53 54
IMG_4176.JPG,
IMG_4182(1).JPG,10 11 12 13 14 15 16 18 19 20 21 22 23 24 26 27 28 29 30 31 32 34 35 36 37 38 39 40 42 43 44 45 46 47 48
IMG_4184.JPG,9 17 20 21 22 25 28 29 30 33 36 37 38 41 44 45 46
IMG_4185.JPG,13 14 15 16 21 22 23 24 29 30 31 32 37 38 39 40 45 46 47 48
IMG_4186.JPG,19 20 21 22 23 27 28 29 30 31 35 36 37 38 39 43 44 45 46 47 51 52 53 54 55
IMG_4190.JPG,10 11 12 13 14 18 19 20 21 22 26 27 28 29 30 34 35 36 37 38 42 43 44 45 46 50 51 52 53 54 58 59 60 61 62
IMG_4191.JPG,12 13 14 19 20 21 22 27 28 29 30 35 36 37 38 43 44 45 46 51 52 53 54 60 61 62
IMG_4192.JPG,28 29 36 37
IMG_4193.JPG,14 15 19 20 21 22 23 27 28 29 30 35 36 37 38 43 44 45 46 51 52 53 54
IMG_4194(1).JPG,19 20 21 22 27 28 29 30 35 36 37 38 43 44 45 46 51 52 53 54
IMG_4194.JPG,6 7 11 12 13 14 15 19 20 21 22 23 27 28 29 30 31 35 36 37 38 39 43 44 45 46 47 51 52 53 54 55 59 60 61 62 63
IMG_4195.JPG,14 15 19 20 21 22 23 27 28 29 30 31 35 36 37 38 43 44 45 46 51 52 53 54
IMG_4196.JPG,10 11 12 13 14 15 17 18 19 20 21 22 23 25 26 27 28 29 30 31 33 34 35 36 37 38 39 42 43 44 45 46 47 51 52 53 54
IMG_4197.JPG,17 20 21 22 25 26 27 28 29 30 35 36 37 38
IMG_4198.JPG,21 22 27 28 29 30 35 36 37 38
p10.jpg,9 10 11 12 13 14 15 16 17 18 19 20 21 22 23 24 25 26 27 28 29 30 31 32 33 34 35 36 37 38 39 40 41 42 43 44 45 46 47 48 49 50 51 52 53 54 55 56
p12.jpg,9 10 11 12 13 14 15 16 17 18 19 20 21 22 23 24 25 26 27 28 29 30 31 32 33 34 35 36 37 38 39 40 41 42 43 44 45 46 47 48 52 53 54 55 56 60 61 62 63 64
p16.jpg,3 4 5 6 7 11 12 13 14 15 19 20 21 22 23 27 28 29 30 31 35 36 37 38 39 43 44 45 46 47 51 52 53 54 55
p17.jpg,9 10 17 18 19 20 21 23 24 25 26 27 28 29 30 31 32 33 34 35 36 37 38 39 40 41 42 44 45 47 48
p19.jpg,11 12 13 14 15 19 20 21 22 23 27 28 29 30 31 35 36 37 38 39 43 44 45 46 47 51 52 53 54 55
p24.jpg,1 2 9 10 11 12 13 14 15 17 18 19 20 21 22 23 25 26 27 28 29 30 31 35 36 37 38 39 43 44 45 46 47 51 52 53 54 55
p25.jpg,4 5 6 11 12 13 14 19 20 21 22 27 28 29 30 35 36 37 38
p4.jpg,
p6.jpg,19 20 21 22 27 28 29 30 35 36 37 38 43 44 45 46
p7.jpg,17 18 19 20 21 22 23 24 25 26 27 28 29 30 31 32 33 34 35 36 37 38 39 40 41 42 43 44 45 46 47 48
p8.jpg,3 4 5 6 7 11 12 13 14 15 16 19 20 21 22 23 24 27 28 29 30 31 32 33 34 35 36 37 38 39 40 41 42 43 44 45 46 47 51 52 53 54 55 59 60 61 62 63
p9.jpg,11 12 13 14 15 19 20 21 22 23 27 28 29 30 31 35 36 37 38 39 43 44 45 46 47 51 52 53 54 55 59 60 61 62 63
Photo0044.jpg,18 19 20 21 22 23 24 26 27 28 29 30 31 32 34 35 36 37 38 39 40 42 43 44 45 46 47 48 50 51 52 53 54 55 56
RIMG0047.JPG,27 28 29 30 35 36 37 38
RIMG0050.JPG,20 21 27 28 29 30 35 36 37 38 43 44 45 46
RIMG0051.JPG,11 12 13 14 15 19 20 21 22 23 27 28 29 30 31 35 36 37 38 39 43 44 45 46 47 51 52 53 54 55
RIMG0066.JPG,20 21 22 26 27 28 29 30 31 34 35 36 37 38 39 42 43 44
RIMG0075.JPG,2 3 4 10 11 12 18 19 20 21 26 27 28 29 30 33 34 35 36 37 38 41 42 43 44 45 49 50 51
RIMG0076.JPG,12 13 20 21 28 29 36 37 44 45 52 53
RIMG0079.JPG,11 12 13 14 15 17 18 19 20 21 22 23 25 26 27 28 29 30 31 33 34 35 36 37 38 39 43 44 45 46 47 51 52 53 54 55
RIMG0081.JPG,12 13 20 21 22 28 29 30 36 37 38 44 45 46 52 53 54
RIMG0124.JPG,18 19 20 21 26 27 28 29 34 35 36 37 42 43 44 45
Rimg0149s.jpg,4 5 11 12 13 14 15 18 19 20 21 22 23 26 27 28 29 30 31 34 35 36 37 38 39 42 43 44 45 46 47 50 51 52 53 54 55 58 59 60 61 62 63
RIMG0919.JPG,6 7 12 13 14 15 20 21 22 28 29 30 36 37 38 44 45 46 52 53 54
RIMG1328.JPG,27 28 29 35 36 37
RIMG1945.JPG,10 11 12 13 14 15 17 18 19 20 21 22 23 24 25 26 27 28 29 30 31 32 33 34 35 36 37 38 39 40 41 42 43 44 45 46 47
